X,CH1,CH2,CH3,Start,Increment,
Sequence,Volt,Volt,Volt,-1.200000e-02,2.000000e-05
0,2.34e+01,-1.00e+00,-2.24e-01,
1,2.38e+01,-4.80e-01,-1.12e-01,
2,2.37e+01,-1.08e+00,-1.36e-01,
3,2.39e+01,-5.60e-01,8.00e-03,
4,2.38e+01,-1.12e+00,0.00e+00,
5,2.40e+01,-3.20e-01,1.44e-01,
6,2.40e+01,-6.40e-01,1.20e-01,
7,2.38e+01,0.00e+00,2.24e-01,
8,2.39e+01,-2.00e-01,2.00e-01,
9,2.37e+01,4.40e-01,2.48e-01,
10,2.38e+01,2.00e-01,2.56e-01,
11,2.34e+01,7.60e-01,1.60e-01,
12,2.35e+01,4.00e-01,1.92e-01,
13,2.33e+01,9.20e-01,5.60e-02,
14,2.34e+01,4.40e-01,7.20e-02,
15,2.32e+01,8.80e-01,-7.20e-02,
16,2.32e+01,7.20e-01,-4.80e-02,
17,2.33e+01,4.00e-02,-1.84e-01,
18,2.32e+01,3.60e-01,-1.60e-01,
19,2.34e+01,-2.80e-01,-2.24e-01,
20,2.33e+01,-1.20e-01,-2.40e-01,
21,2.36e+01,-8.40e-01,-1.76e-01,
22,2.34e+01,-5.20e-01,-2.00e-01,
23,2.38e+01,-9.60e-01,-8.80e-02,
24,2.37e+01,-6.00e-01,-1.04e-01,
25,2.39e+01,-1.16e+00,3.20e-02,
26,2.38e+01,-1.08e+00,2.40e-02,
27,2.40e+01,-3.20e-01,1.60e-01,
28,2.40e+01,-5.20e-01,1.36e-01,
29,2.38e+01,4.00e-02,2.40e-01,
30,2.39e+01,-1.60e-01,2.24e-01,
31,2.37e+01,4.80e-01,2.64e-01,
32,2.38e+01,2.00e-01,2.56e-01,
33,2.34e+01,8.00e-01,1.60e-01,
34,2.35e+01,4.00e-01,1.84e-01,
35,2.33e+01,8.80e-01,5.60e-02,
36,2.34e+01,8.00e-01,6.40e-02,
37,2.32e+01,2.00e-01,-8.80e-02,
38,2.33e+01,6.00e-01,-5.60e-02,
39,2.32e+01,4.00e-02,-1.84e-01,
40,2.32e+01,2.80e-01,-1.60e-01,
41,2.34e+01,-2.80e-01,-2.24e-01,
42,2.34e+01,-1.20e-01,-2.24e-01,
43,2.36e+01,-8.00e-01,-1.76e-01,
44,2.35e+01,-1.04e+00,-1.92e-01,
45,2.38e+01,-4.80e-01,-8.00e-02,
46,2.38e+01,-8.40e-01,-9.60e-02,
47,2.39e+01,-5.20e-01,4.80e-02,
48,2.38e+01,-7.60e-01,3.20e-02,
49,2.40e+01,-2.80e-01,1.68e-01,
50,2.39e+01,-4.00e-01,1.52e-01,
51,2.38e+01,4.00e-02,2.40e-01,
52,2.38e+01,-1.60e-01,2.08e-01,
53,2.36e+01,4.80e-01,2.56e-01,
54,2.37e+01,2.40e-01,2.40e-01,
55,2.34e+01,7.20e-01,1.52e-01,
56,2.34e+01,6.40e-01,1.68e-01,
57,2.33e+01,9.20e-01,2.40e-02,
58,2.34e+01,8.00e-01,4.00e-02,
59,2.32e+01,3.60e-01,-1.04e-01,
60,2.32e+01,5.60e-01,-8.80e-02,
61,2.34e+01,8.00e-02,-2.00e-01,
62,2.32e+01,2.80e-01,-1.84e-01,
63,2.34e+01,-5.60e-01,-2.48e-01,
64,2.34e+01,-2.80e-01,-2.48e-01,
65,2.36e+01,-8.40e-01,-1.84e-01,
66,2.35e+01,-4.80e-01,-2.00e-01,
67,2.38e+01,-1.08e+00,-8.00e-02,
68,2.38e+01,-1.08e+00,-1.04e-01,
69,2.39e+01,-5.20e-01,4.00e-02,
70,2.38e+01,-8.00e-01,2.40e-02,
71,2.40e+01,-2.40e-01,1.60e-01,
72,2.40e+01,-5.20e-01,1.20e-01,
73,2.38e+01,1.20e-01,2.32e-01,
74,2.38e+01,-8.00e-02,2.40e-01,
75,2.36e+01,5.20e-01,1.92e-01,
76,2.36e+01,2.40e-01,2.16e-01,
77,2.34e+01,8.00e-01,1.20e-01,
78,2.34e+01,4.40e-01,1.36e-01,
79,2.33e+01,8.80e-01,-1.60e-02,
80,2.32e+01,8.00e-01,1.60e-02,
81,2.34e+01,2.40e-01,-1.28e-01,
82,2.32e+01,5.20e-01,-1.20e-01,
83,2.34e+01,-1.20e-01,-2.24e-01,
84,2.33e+01,8.00e-02,-2.08e-01,
85,2.34e+01,-6.00e-01,-2.64e-01,
86,2.34e+01,-2.80e-01,-2.64e-01,
87,2.36e+01,-8.40e-01,-1.84e-01,
88,2.35e+01,-5.60e-01,-2.00e-01,
89,2.38e+01,-1.04e+00,-8.00e-02,
90,2.38e+01,-1.08e+00,-9.60e-02,
91,2.39e+01,-4.80e-01,4.80e-02,
92,2.38e+01,-8.00e-01,3.20e-02,
93,2.40e+01,-2.40e-01,1.68e-01,
94,2.39e+01,-4.80e-01,1.52e-01,
95,2.38e+01,1.60e-01,2.24e-01,
96,2.38e+01,-1.20e-01,2.40e-01,
97,2.35e+01,5.60e-01,1.84e-01,
98,2.36e+01,2.80e-01,2.16e-01,
99,2.34e+01,8.40e-01,1.04e-01,
100,2.34e+01,8.40e-01,1.20e-01,
101,2.32e+01,4.00e-01,-1.60e-02,
102,2.32e+01,7.60e-01,1.60e-02,
103,2.34e+01,4.40e-01,-1.44e-01,
104,2.32e+01,4.80e-01,-1.28e-01,
105,2.34e+01,4.00e-02,-2.40e-01,
106,2.33e+01,1.20e-01,-2.08e-01,
107,2.34e+01,-5.20e-01,-2.64e-01,
108,2.34e+01,-3.20e-01,-2.48e-01,
109,2.37e+01,-7.20e-01,-1.68e-01,
110,2.35e+01,-5.60e-01,-1.92e-01,
111,2.38e+01,-8.40e-01,-5.60e-02,
112,2.38e+01,-1.00e+00,-7.20e-02,
113,2.39e+01,-5.60e-01,7.20e-02,
114,2.38e+01,-6.40e-01,4.80e-02,
115,2.40e+01,-2.40e-01,1.92e-01,
116,2.39e+01,-5.20e-01,1.68e-01,
117,2.38e+01,2.00e-01,2.40e-01,
118,2.38e+01,1.20e-01,2.56e-01,
119,2.35e+01,6.00e-01,2.00e-01,
120,2.36e+01,2.80e-01,2.16e-01,
121,2.34e+01,8.80e-01,1.04e-01,
122,2.34e+01,9.20e-01,1.20e-01,
123,2.32e+01,3.60e-01,-2.40e-02,
124,2.32e+01,7.60e-01,0.00e+00,
125,2.33e+01,1.60e-01,-1.44e-01,
126,2.32e+01,4.80e-01,-1.20e-01,
127,2.34e+01,-2.00e-01,-2.24e-01,
128,2.33e+01,0.00e+00,-2.08e-01,
129,2.35e+01,-6.00e-01,-2.40e-01,
130,2.34e+01,-3.60e-01,-2.40e-01,
131,2.37e+01,-1.00e+00,-1.52e-01,
132,2.36e+01,-5.60e-01,-1.68e-01,
133,2.38e+01,-1.08e+00,-3.20e-02,
134,2.38e+01,-1.04e+00,-4.80e-02,
135,2.39e+01,-4.40e-01,9.60e-02,
136,2.38e+01,-8.00e-01,8.00e-02,
137,2.40e+01,-2.00e-01,2.08e-01,
138,2.39e+01,-4.80e-01,1.84e-01,
139,2.37e+01,2.40e-01,2.48e-01,
140,2.38e+01,-8.00e-02,2.56e-01,
141,2.34e+01,6.40e-01,1.76e-01,
142,2.36e+01,2.80e-01,2.16e-01,
143,2.33e+01,8.40e-01,1.04e-01,
144,2.34e+01,8.80e-01,1.20e-01,
145,2.32e+01,4.00e-01,-2.40e-02,
146,2.32e+01,7.20e-01,-8.00e-03,
147,2.33e+01,2.00e-01,-1.52e-01,
148,2.32e+01,4.00e-01,-1.44e-01,
149,2.34e+01,-2.40e-01,-2.24e-01,
150,2.33e+01,0.00e+00,-2.00e-01,
151,2.35e+01,-7.20e-01,-2.40e-01,
152,2.34e+01,-3.60e-01,-2.24e-01,
153,2.38e+01,-1.16e+00,-1.36e-01,
154,2.37e+01,-1.00e+00,-1.60e-01,
155,2.39e+01,-6.00e-01,-2.40e-02,
156,2.38e+01,-1.00e+00,-4.00e-02,
157,2.40e+01,-4.40e-01,1.12e-01,
158,2.40e+01,-8.40e-01,8.00e-02,
159,2.38e+01,-1.60e-01,2.16e-01,
160,2.39e+01,-4.00e-01,1.84e-01,
161,2.37e+01,3.20e-01,2.40e-01,
162,2.38e+01,2.00e-01,2.40e-01,
163,2.34e+01,6.40e-01,1.76e-01,
164,2.36e+01,5.60e-01,2.00e-01,
165,2.33e+01,8.80e-01,8.00e-02,
166,2.34e+01,8.80e-01,9.60e-02,
167,2.32e+01,6.00e-01,-4.80e-02,
168,2.32e+01,7.20e-01,-3.20e-02,
169,2.33e+01,3.20e-01,-1.68e-01,
170,2.32e+01,4.00e-01,-1.52e-01,
171,2.34e+01,-1.20e-01,-2.40e-01,
172,2.33e+01,-8.00e-02,-2.48e-01,
173,2.35e+01,-5.20e-01,-2.08e-01,
174,2.34e+01,-3.60e-01,-2.32e-01,
175,2.38e+01,-9.20e-01,-1.28e-01,
176,2.37e+01,-8.40e-01,-1.60e-01,
177,2.39e+01,-5.60e-01,-1.60e-02,
178,2.38e+01,-1.00e+00,-4.00e-02,
179,2.40e+01,-4.40e-01,1.04e-01,
180,2.40e+01,-7.20e-01,8.80e-02,
181,2.38e+01,0.00e+00,2.08e-01,
182,2.39e+01,-2.00e-01,1.84e-01,
183,2.37e+01,4.40e-01,2.40e-01,
184,2.38e+01,1.60e-01,2.24e-01,
185,2.34e+01,6.80e-01,1.60e-01,
186,2.35e+01,3.20e-01,1.84e-01,
187,2.33e+01,8.80e-01,5.60e-02,
188,2.34e+01,8.80e-01,8.00e-02,
189,2.32e+01,3.60e-01,-7.20e-02,
190,2.33e+01,7.20e-01,-5.60e-02,
191,2.32e+01,1.20e-01,-1.92e-01,
192,2.32e+01,3.60e-01,-1.60e-01,
193,2.34e+01,-2.80e-01,-2.48e-01,
194,2.33e+01,-8.00e-02,-2.64e-01,
195,2.35e+01,-6.40e-01,-2.08e-01,
196,2.34e+01,-4.00e-01,-2.24e-01,
197,2.38e+01,-1.08e+00,-1.28e-01,
198,2.37e+01,-1.00e+00,-1.52e-01,
199,2.39e+01,-5.60e-01,-8.00e-03,
200,2.38e+01,-9.60e-01,-4.00e-02,
201,2.40e+01,-4.00e-01,1.20e-01,
202,2.38e+01,-7.20e-01,9.60e-02,
203,2.40e+01,4.00e-02,2.08e-01,
204,2.39e+01,-2.00e-01,1.84e-01,
205,2.37e+01,4.40e-01,2.32e-01,
206,2.38e+01,2.40e-01,2.24e-01,
207,2.34e+01,8.00e-01,1.52e-01,
208,2.35e+01,4.00e-01,1.68e-01,
209,2.33e+01,8.80e-01,4.80e-02,
210,2.34e+01,3.60e-01,6.40e-02,
211,2.32e+01,9.20e-01,-8.00e-02,
212,2.32e+01,7.20e-01,-7.20e-02,
213,2.33e+01,8.00e-02,-1.92e-01,
214,2.32e+01,3.20e-01,-1.76e-01,
215,2.34e+01,-2.40e-01,-2.48e-01,
216,2.33e+01,-1.20e-01,-2.56e-01,
217,2.35e+01,-8.40e-01,-2.00e-01,
218,2.34e+01,-4.00e-01,-2.24e-01,
219,2.38e+01,-9.60e-01,-1.12e-01,
220,2.37e+01,-1.24e+00,-1.28e-01,
221,2.39e+01,-5.60e-01,8.00e-03,
222,2.38e+01,-9.20e-01,-8.00e-03,
223,2.40e+01,-2.80e-01,1.36e-01,
224,2.39e+01,-4.80e-01,1.12e-01,
225,2.38e+01,0.00e+00,2.16e-01,
226,2.39e+01,-8.00e-02,2.00e-01,
227,2.37e+01,4.00e-01,2.40e-01,
228,2.37e+01,3.60e-01,2.40e-01,
229,2.34e+01,8.40e-01,1.52e-01,
230,2.35e+01,6.40e-01,1.68e-01,
231,2.33e+01,9.20e-01,4.00e-02,
232,2.34e+01,8.00e-01,5.60e-02,
233,2.32e+01,5.60e-01,-8.80e-02,
234,2.32e+01,6.80e-01,-7.20e-02,
235,2.33e+01,1.60e-01,-1.92e-01,
236,2.32e+01,3.20e-01,-1.76e-01,
237,2.34e+01,-2.80e-01,-2.40e-01,
238,2.34e+01,-8.00e-02,-2.40e-01,
239,2.36e+01,-8.40e-01,-1.84e-01,
240,2.35e+01,-5.20e-01,-2.08e-01,
241,2.38e+01,-1.00e+00,-9.60e-02,
242,2.37e+01,-1.20e+00,-1.12e-01,
243,2.39e+01,-5.20e-01,4.00e-02,
244,2.38e+01,-1.08e+00,2.40e-02,
245,2.40e+01,-2.80e-01,1.52e-01,
246,2.40e+01,-7.20e-01,1.36e-01,
247,2.38e+01,4.00e-02,2.32e-01,
248,2.39e+01,-2.00e-01,2.08e-01,
249,2.36e+01,4.40e-01,2.40e-01,
250,2.37e+01,2.40e-01,2.40e-01,
251,2.34e+01,8.40e-01,1.44e-01,
252,2.34e+01,9.20e-01,1.68e-01,
253,2.33e+01,3.60e-01,3.20e-02,
254,2.34e+01,3.60e-01,4.80e-02,
255,2.32e+01,8.00e-01,-9.60e-02,
256,2.32e+01,6.40e-01,-7.20e-02,
257,2.33e+01,8.00e-02,-1.92e-01,
258,2.32e+01,2.80e-01,-1.76e-01,
259,2.34e+01,-3.60e-01,-2.40e-01,
260,2.34e+01,-1.20e-01,-2.48e-01,
261,2.36e+01,-8.00e-01,-1.76e-01,
262,2.35e+01,-5.20e-01,-1.92e-01,
263,2.38e+01,-1.04e+00,-8.80e-02,
264,2.38e+01,-6.00e-01,-1.12e-01,
265,2.39e+01,-1.16e+00,4.80e-02,
266,2.38e+01,-9.20e-01,3.20e-02,
267,2.40e+01,-2.80e-01,1.60e-01,
268,2.40e+01,-4.80e-01,1.52e-01,
269,2.38e+01,1.20e-01,2.32e-01,
270,2.38e+01,-1.20e-01,2.40e-01,
271,2.36e+01,4.80e-01,2.00e-01,
272,2.38e+01,2.40e-01,2.32e-01,
273,2.34e+01,8.00e-01,1.28e-01,
274,2.34e+01,4.40e-01,1.44e-01,
275,2.33e+01,9.20e-01,8.00e-03,
276,2.34e+01,8.00e-01,2.40e-02,
277,2.32e+01,2.40e-01,-1.12e-01,
278,2.32e+01,5.60e-01,-9.60e-02,
279,2.34e+01,-4.00e-02,-2.32e-01,
280,2.32e+01,2.80e-01,-1.84e-01,
281,2.34e+01,-6.00e-01,-2.48e-01,
282,2.34e+01,-2.80e-01,-2.40e-01,
283,2.36e+01,-6.80e-01,-1.76e-01,
284,2.35e+01,-4.80e-01,-1.92e-01,
285,2.38e+01,-1.00e+00,-8.00e-02,
286,2.38e+01,-8.40e-01,-9.60e-02,
287,2.39e+01,-4.80e-01,4.80e-02,
288,2.38e+01,-6.80e-01,3.20e-02,
289,2.40e+01,-2.80e-01,1.68e-01,
290,2.40e+01,-5.60e-01,1.52e-01,
291,2.38e+01,1.60e-01,2.24e-01,
292,2.38e+01,8.00e-02,2.40e-01,
293,2.35e+01,5.20e-01,1.92e-01,
294,2.38e+01,4.80e-01,2.16e-01,
295,2.34e+01,8.00e-01,1.12e-01,
296,2.34e+01,8.80e-01,1.36e-01,
297,2.32e+01,4.80e-01,0.00e+00,
298,2.34e+01,8.00e-01,1.60e-02,
299,2.32e+01,2.00e-01,-1.28e-01,
300,2.32e+01,4.80e-01,-1.12e-01,
301,2.34e+01,-2.40e-01,-2.24e-01,
302,2.33e+01,1.20e-01,-2.00e-01,
303,2.34e+01,-6.00e-01,-2.48e-01,
304,2.34e+01,-2.80e-01,-2.40e-01,
305,2.36e+01,-8.80e-01,-1.60e-01,
306,2.35e+01,-1.12e+00,-1.92e-01,
307,2.38e+01,-5.20e-01,-7.20e-02,
308,2.38e+01,-1.16e+00,-8.80e-02,
309,2.40e+01,-4.80e-01,6.40e-02,
310,2.38e+01,-8.00e-01,4.80e-02,
311,2.40e+01,-2.00e-01,1.68e-01,
312,2.39e+01,-4.80e-01,1.68e-01,
313,2.38e+01,2.00e-01,2.32e-01,
314,2.38e+01,-1.20e-01,1.84e-01,
315,2.35e+01,5.60e-01,2.56e-01,
316,2.36e+01,2.80e-01,2.16e-01,
317,2.34e+01,8.00e-01,1.04e-01,
318,2.34e+01,8.80e-01,1.36e-01,
319,2.32e+01,3.60e-01,-1.60e-02,
320,2.32e+01,7.60e-01,8.00e-03,
321,2.33e+01,1.60e-01,-1.44e-01,
322,2.32e+01,4.40e-01,-1.20e-01,
323,2.34e+01,-3.20e-01,-2.24e-01,
324,2.33e+01,8.00e-02,-2.00e-01,
325,2.35e+01,-6.00e-01,-2.48e-01,
326,2.34e+01,-3.20e-01,-2.40e-01,
327,2.38e+01,-8.80e-01,-1.52e-01,
328,2.36e+01,-5.60e-01,-1.84e-01,
329,2.39e+01,-1.08e+00,-5.60e-02,
330,2.39e+01,-1.16e+00,-7.20e-02,
331,2.38e+01,-4.80e-01,8.80e-02,
332,2.38e+01,-7.60e-01,5.60e-02,
333,2.40e+01,-2.40e-01,1.92e-01,
334,2.39e+01,-5.20e-01,1.76e-01,
335,2.38e+01,2.00e-01,2.40e-01,
336,2.38e+01,-8.00e-02,2.48e-01,
337,2.35e+01,6.00e-01,1.92e-01,
338,2.36e+01,2.80e-01,2.16e-01,
339,2.34e+01,8.40e-01,1.04e-01,
340,2.34e+01,4.40e-01,1.20e-01,
341,2.32e+01,8.80e-01,-2.40e-02,
342,2.32e+01,7.20e-01,-1.60e-02,
343,2.33e+01,3.20e-01,-1.44e-01,
344,2.32e+01,4.40e-01,-1.28e-01,
345,2.34e+01,-2.00e-01,-2.24e-01,
346,2.33e+01,4.00e-02,-2.00e-01,
347,2.35e+01,-4.40e-01,-2.48e-01,
348,2.34e+01,-4.00e-01,-2.32e-01,
349,2.38e+01,-9.20e-01,-1.52e-01,
350,2.37e+01,-6.80e-01,-1.76e-01,
351,2.39e+01,-9.60e-01,-3.20e-02,
352,2.38e+01,-1.04e+00,-5.60e-02,
353,2.40e+01,-4.40e-01,9.60e-02,
354,2.38e+01,-7.20e-01,8.00e-02,
355,2.40e+01,-2.00e-01,2.00e-01,
356,2.39e+01,-2.40e-01,1.84e-01,
357,2.37e+01,2.40e-01,2.48e-01,
358,2.38e+01,1.20e-01,2.56e-01,
359,2.34e+01,6.40e-01,1.92e-01,
360,2.36e+01,2.80e-01,2.16e-01,
361,2.33e+01,8.40e-01,9.60e-02,
362,2.34e+01,8.80e-01,1.12e-01,
363,2.32e+01,3.60e-01,-4.00e-02,
364,2.32e+01,7.60e-01,-2.40e-02,
365,2.33e+01,8.00e-02,-1.52e-01,
366,2.32e+01,4.00e-01,-1.28e-01,
367,2.34e+01,-2.80e-01,-2.24e-01,
368,2.33e+01,-4.00e-02,-2.40e-01,
369,2.35e+01,-7.20e-01,-2.00e-01,
370,2.34e+01,-4.00e-01,-2.24e-01,
371,2.38e+01,-9.60e-01,-1.36e-01,
372,2.37e+01,-1.16e+00,-1.52e-01,
373,2.39e+01,-6.00e-01,-2.40e-02,
374,2.38e+01,-1.04e+00,-2.40e-02,
375,2.40e+01,-4.40e-01,1.12e-01,
376,2.38e+01,-7.20e-01,9.60e-02,
377,2.40e+01,0.00e+00,2.08e-01,
378,2.39e+01,-2.00e-01,1.76e-01,
379,2.37e+01,4.40e-01,2.48e-01,
380,2.38e+01,2.00e-01,2.40e-01,
381,2.34e+01,6.40e-01,1.76e-01,
382,2.35e+01,2.80e-01,1.92e-01,
383,2.33e+01,8.40e-01,7.20e-02,
384,2.34e+01,8.80e-01,9.60e-02,
385,2.32e+01,4.40e-01,-6.40e-02,
386,2.32e+01,6.80e-01,-4.00e-02,
387,2.33e+01,1.60e-01,-1.76e-01,
388,2.32e+01,3.60e-01,-1.60e-01,
389,2.34e+01,-3.20e-01,-2.40e-01,
390,2.33e+01,-8.00e-02,-2.48e-01,
391,2.35e+01,-6.80e-01,-2.08e-01,
392,2.34e+01,-4.00e-01,-2.24e-01,
393,2.38e+01,-1.04e+00,-1.36e-01,
394,2.37e+01,-1.20e+00,-1.44e-01,
395,2.39e+01,-5.60e-01,-8.00e-03,
396,2.38e+01,-9.60e-01,-2.40e-02,
397,2.40e+01,-4.40e-01,1.20e-01,
398,2.40e+01,-8.80e-01,9.60e-02,
399,2.38e+01,4.00e-02,2.08e-01,
400,2.39e+01,-1.60e-01,1.84e-01,
401,2.37e+01,4.40e-01,2.40e-01,
402,2.38e+01,2.00e-01,2.40e-01,
403,2.34e+01,6.80e-01,1.68e-01,
404,2.35e+01,5.60e-01,1.84e-01,
405,2.33e+01,8.80e-01,4.80e-02,
406,2.34e+01,9.20e-01,6.40e-02,
407,2.32e+01,6.00e-01,-7.20e-02,
408,2.32e+01,6.80e-01,-5.60e-02,
409,2.33e+01,2.80e-01,-1.76e-01,
410,2.32e+01,3.20e-01,-1.60e-01,
411,2.34e+01,-2.00e-01,-2.48e-01,
412,2.33e+01,-8.00e-02,-2.48e-01,
413,2.35e+01,-6.80e-01,-2.08e-01,
414,2.34e+01,-3.60e-01,-2.24e-01,
415,2.38e+01,-1.00e+00,-1.28e-01,
416,2.37e+01,-9.60e-01,-1.44e-01,
417,2.39e+01,-5.60e-01,0.00e+00,
418,2.38e+01,-8.80e-01,-1.60e-02,
419,2.40e+01,-4.40e-01,1.36e-01,
420,2.40e+01,-7.60e-01,1.04e-01,
421,2.38e+01,4.00e-02,2.16e-01,
422,2.39e+01,-2.40e-01,2.00e-01,
423,2.37e+01,4.80e-01,2.40e-01,
424,2.38e+01,2.40e-01,2.40e-01,
425,2.34e+01,8.40e-01,1.52e-01,
426,2.35e+01,4.40e-01,1.84e-01,
427,2.33e+01,8.40e-01,4.00e-02,
428,2.34e+01,9.20e-01,6.40e-02,
429,2.32e+01,3.60e-01,-8.80e-02,
430,2.32e+01,7.20e-01,-7.20e-02,
431,2.33e+01,-4.00e-02,-1.92e-01,
432,2.32e+01,2.80e-01,-1.76e-01,
433,2.34e+01,-3.60e-01,-2.48e-01,
434,2.34e+01,-1.60e-01,-2.48e-01,
435,2.36e+01,-6.00e-01,-2.00e-01,
436,2.35e+01,-4.00e-01,-2.16e-01,
437,2.38e+01,-1.12e+00,-1.20e-01,
438,2.38e+01,-1.04e+00,-1.28e-01,
439,2.39e+01,-6.00e-01,2.40e-02,
440,2.38e+01,-9.20e-01,0.00e+00,
441,2.40e+01,-2.40e-01,1.44e-01,
442,2.39e+01,-5.20e-01,1.20e-01,
443,2.38e+01,4.00e-02,2.16e-01,
444,2.39e+01,-2.00e-01,2.00e-01,
445,2.37e+01,5.60e-01,2.48e-01,
446,2.38e+01,2.40e-01,2.32e-01,
447,2.34e+01,8.00e-01,1.44e-01,
448,2.35e+01,4.00e-01,1.68e-01,
449,2.33e+01,9.20e-01,3.20e-02,
450,2.34e+01,8.40e-01,4.80e-02,
451,2.32e+01,3.60e-01,-9.60e-02,
452,2.32e+01,6.80e-01,-8.00e-02,
453,2.33e+01,4.00e-02,-2.00e-01,
454,2.32e+01,2.80e-01,-1.84e-01,
455,2.34e+01,-3.60e-01,-2.48e-01,
456,2.34e+01,-1.20e-01,-2.48e-01,
457,2.36e+01,-8.40e-01,-1.84e-01,
458,2.35e+01,-5.20e-01,-2.08e-01,
459,2.38e+01,-1.12e+00,-9.60e-02,
460,2.38e+01,-1.04e+00,-1.12e-01,
461,2.39e+01,-5.60e-01,4.00e-02,
462,2.38e+01,-8.80e-01,2.40e-02,
463,2.40e+01,-3.20e-01,1.60e-01,
464,2.39e+01,-6.40e-01,1.36e-01,
465,2.38e+01,8.00e-02,2.32e-01,
466,2.39e+01,4.00e-02,2.08e-01,
467,2.35e+01,4.80e-01,2.48e-01,
468,2.38e+01,4.00e-01,2.32e-01,
469,2.34e+01,8.80e-01,1.36e-01,
470,2.34e+01,3.60e-01,1.52e-01,
471,2.33e+01,9.20e-01,8.00e-03,
472,2.34e+01,8.00e-01,4.00e-02,
473,2.32e+01,5.20e-01,-1.12e-01,
474,2.32e+01,5.60e-01,-9.60e-02,
475,2.34e+01,1.20e-01,-2.00e-01,
476,2.32e+01,2.40e-01,-1.84e-01,
477,2.34e+01,-3.20e-01,-2.48e-01,
478,2.34e+01,-2.80e-01,-2.40e-01,
479,2.36e+01,-8.40e-01,-1.76e-01,
480,2.36e+01,-5.20e-01,-2.00e-01,
481,2.38e+01,-1.16e+00,-8.00e-02,
482,2.38e+01,-1.16e+00,-9.60e-02,
483,2.39e+01,-5.60e-01,4.80e-02,
484,2.38e+01,-9.20e-01,3.20e-02,
485,2.40e+01,-2.40e-01,1.68e-01,
486,2.39e+01,-4.80e-01,1.44e-01,
487,2.38e+01,1.60e-01,2.32e-01,
488,2.38e+01,-4.00e-02,2.40e-01,
489,2.35e+01,5.60e-01,2.00e-01,
490,2.36e+01,2.80e-01,2.16e-01,
491,2.34e+01,8.80e-01,1.20e-01,
492,2.34e+01,4.40e-01,1.44e-01,
493,2.33e+01,9.20e-01,0.00e+00,
494,2.34e+01,8.00e-01,1.60e-02,
495,2.32e+01,2.80e-01,-1.20e-01,
496,2.32e+01,6.40e-01,-1.04e-01,
497,2.34e+01,0.00e+00,-2.16e-01,
498,2.32e+01,1.60e-01,-2.00e-01,
499,2.34e+01,-4.80e-01,-2.48e-01,
500,2.34e+01,-2.00e-01,-2.40e-01,
501,2.36e+01,-8.80e-01,-1.76e-01,
502,2.35e+01,-5.20e-01,-2.00e-01,
503,2.38e+01,-1.16e+00,-6.40e-02,
504,2.38e+01,-1.24e+00,-8.80e-02,
505,2.39e+01,-5.60e-01,6.40e-02,
506,2.38e+01,-7.60e-01,4.80e-02,
507,2.40e+01,-2.40e-01,1.68e-01,
508,2.40e+01,-4.40e-01,1.52e-01,
509,2.38e+01,1.60e-01,2.32e-01,
510,2.38e+01,-4.00e-02,2.40e-01,
511,2.35e+01,5.60e-01,2.00e-01,
512,2.36e+01,3.20e-01,2.16e-01,
513,2.34e+01,8.80e-01,1.12e-01,
514,2.34e+01,9.20e-01,1.36e-01,
515,2.32e+01,4.00e-01,0.00e+00,
516,2.34e+01,7.60e-01,1.60e-02,
517,2.32e+01,1.20e-01,-1.28e-01,
518,2.32e+01,4.80e-01,-1.12e-01,
519,2.34e+01,0.00e+00,-2.16e-01,
520,2.33e+01,1.60e-01,-2.40e-01,
521,2.34e+01,-5.60e-01,-1.84e-01,
522,2.34e+01,-3.20e-01,-2.40e-01,
523,2.38e+01,-1.00e+00,-1.60e-01,
524,2.36e+01,-8.80e-01,-1.84e-01,
525,2.38e+01,-5.20e-01,-5.60e-02,
526,2.38e+01,-8.40e-01,-6.40e-02,
527,2.39e+01,-5.20e-01,7.20e-02,
528,2.38e+01,-6.80e-01,5.60e-02,
529,2.40e+01,-2.40e-01,1.84e-01,
530,2.39e+01,-4.40e-01,1.60e-01,
531,2.38e+01,2.00e-01,2.48e-01,
532,2.38e+01,1.20e-01,2.48e-01,
533,2.35e+01,6.00e-01,1.84e-01,
534,2.36e+01,5.20e-01,2.16e-01,
535,2.34e+01,8.80e-01,1.04e-01,
536,2.34e+01,8.80e-01,1.20e-01,
537,2.32e+01,6.40e-01,-1.60e-02,
538,2.32e+01,7.60e-01,0.00e+00,
539,2.33e+01,1.60e-01,-1.44e-01,
540,2.32e+01,4.40e-01,-1.28e-01,
541,2.34e+01,-1.60e-01,-2.24e-01,
542,2.33e+01,4.00e-02,-2.00e-01,
543,2.35e+01,-6.40e-01,-2.40e-01,
544,2.34e+01,-9.60e-01,-2.40e-01,
545,2.38e+01,-3.60e-01,-1.52e-01,
546,2.37e+01,-5.60e-01,-1.68e-01,
547,2.39e+01,-1.00e+00,-4.80e-02,
548,2.38e+01,-1.00e+00,-4.80e-02,
549,2.39e+01,-4.40e-01,8.80e-02,
550,2.38e+01,-7.60e-01,6.40e-02,
551,2.40e+01,-2.00e-01,1.92e-01,
552,2.39e+01,-4.00e-01,1.76e-01,
553,2.38e+01,2.40e-01,2.40e-01,
554,2.38e+01,0.00e+00,2.40e-01,
555,2.35e+01,6.00e-01,1.84e-01,
556,2.36e+01,2.80e-01,2.08e-01,
557,2.34e+01,8.80e-01,1.04e-01,
558,2.34e+01,4.00e-01,1.20e-01,
559,2.32e+01,8.80e-01,-3.20e-02,
560,2.32e+01,7.60e-01,-8.00e-03,
561,2.33e+01,8.00e-02,-1.52e-01,
562,2.32e+01,4.00e-01,-1.28e-01,
563,2.34e+01,-2.40e-01,-2.24e-01,
564,2.33e+01,0.00e+00,-2.08e-01,
565,2.35e+01,-6.00e-01,-2.48e-01,
566,2.34e+01,-4.00e-01,-2.40e-01,
567,2.38e+01,-9.60e-01,-1.44e-01,
568,2.37e+01,-5.20e-01,-1.68e-01,
569,2.39e+01,-1.20e+00,-3.20e-02,
570,2.38e+01,-1.00e+00,-4.80e-02,
571,2.40e+01,-4.40e-01,8.80e-02,
572,2.40e+01,-7.20e-01,8.00e-02,
573,2.38e+01,-1.60e-01,1.92e-01,
574,2.39e+01,-4.00e-01,1.76e-01,
575,2.37e+01,3.20e-01,2.40e-01,
576,2.38e+01,4.00e-02,2.40e-01,
577,2.34e+01,6.40e-01,1.76e-01,
578,2.35e+01,3.20e-01,2.00e-01,
579,2.33e+01,8.80e-01,8.00e-02,
580,2.34e+01,8.80e-01,1.12e-01,
581,2.32e+01,4.00e-01,-4.00e-02,
582,2.33e+01,7.20e-01,-1.60e-02,
583,2.32e+01,3.20e-01,-1.60e-01,
584,2.32e+01,4.00e-01,-1.52e-01,
585,2.34e+01,-3.20e-01,-2.40e-01,
586,2.33e+01,-4.00e-02,-2.40e-01,
587,2.35e+01,-7.20e-01,-2.08e-01,
588,2.34e+01,-3.60e-01,-2.24e-01,
589,2.38e+01,-1.08e+00,-1.28e-01,
590,2.37e+01,-5.60e-01,-1.52e-01,
591,2.39e+01,-1.08e+00,-1.60e-02,
592,2.38e+01,-8.00e-01,-2.40e-02,
593,2.40e+01,-4.40e-01,1.28e-01,
594,2.38e+01,-5.60e-01,1.04e-01,
595,2.40e+01,-1.20e-01,2.08e-01,
596,2.39e+01,-1.60e-01,1.84e-01,
597,2.37e+01,3.20e-01,2.40e-01,
598,2.38e+01,4.00e-02,2.40e-01,
599,2.34e+01,6.40e-01,1.76e-01,
600,2.35e+01,3.20e-01,1.92e-01,
601,2.33e+01,8.40e-01,7.20e-02,
602,2.34e+01,3.60e-01,9.60e-02,
603,2.32e+01,8.80e-01,-6.40e-02,
604,2.32e+01,6.80e-01,-4.00e-02,
605,2.33e+01,1.60e-01,-1.68e-01,
606,2.32e+01,3.60e-01,-1.52e-01,
607,2.34e+01,-2.80e-01,-2.24e-01,
608,2.33e+01,-1.20e-01,-2.40e-01,
609,2.35e+01,-6.40e-01,-2.00e-01,
610,2.34e+01,-4.40e-01,-2.24e-01,
611,2.38e+01,-9.60e-01,-1.12e-01,
612,2.37e+01,-1.16e+00,-1.44e-01,
613,2.39e+01,-5.60e-01,8.00e-03,
614,2.38e+01,-1.04e+00,-8.00e-03,
615,2.40e+01,-4.00e-01,1.36e-01,
616,2.38e+01,-7.20e-01,1.20e-01,
617,2.40e+01,4.00e-02,2.16e-01,
618,2.39e+01,-2.00e-01,2.00e-01,
619,2.37e+01,4.80e-01,2.56e-01,
620,2.38e+01,2.00e-01,2.48e-01,
621,2.34e+01,6.80e-01,1.76e-01,
622,2.35e+01,3.60e-01,1.92e-01,
623,2.33e+01,8.80e-01,5.60e-02,
624,2.34e+01,8.40e-01,7.20e-02,
625,2.32e+01,3.20e-01,-6.40e-02,
626,2.32e+01,7.60e-01,-4.00e-02,
627,2.33e+01,1.20e-01,-1.76e-01,
628,2.32e+01,3.60e-01,-1.60e-01,
629,2.34e+01,-3.20e-01,-2.24e-01,
630,2.33e+01,-8.00e-02,-2.40e-01,
631,2.36e+01,-6.80e-01,-1.84e-01,
632,2.34e+01,-4.00e-01,-2.16e-01,
633,2.38e+01,-1.16e+00,-1.04e-01,
634,2.38e+01,-1.04e+00,-1.20e-01,
635,2.39e+01,-6.00e-01,2.40e-02,
636,2.38e+01,-9.60e-01,0.00e+00,
637,2.40e+01,-2.80e-01,1.44e-01,
638,2.38e+01,-6.80e-01,1.28e-01,
639,2.40e+01,4.00e-02,2.24e-01,
640,2.39e+01,-1.60e-01,2.08e-01,
641,2.37e+01,4.80e-01,2.48e-01,
642,2.38e+01,3.60e-01,2.40e-01,
643,2.34e+01,8.00e-01,1.60e-01,
644,2.35e+01,6.40e-01,1.76e-01,
645,2.33e+01,8.40e-01,5.60e-02,
646,2.34e+01,8.80e-01,7.20e-02,
647,2.32e+01,5.60e-01,-8.00e-02,
648,2.32e+01,6.80e-01,-7.20e-02,
649,2.33e+01,1.60e-01,-1.76e-01,
650,2.32e+01,2.80e-01,-1.68e-01,
651,2.34e+01,-2.80e-01,-2.40e-01,
652,2.34e+01,-8.00e-02,-2.40e-01,
653,2.36e+01,-6.40e-01,-1.84e-01,
654,2.35e+01,-4.80e-01,-2.00e-01,
655,2.38e+01,-8.40e-01,-1.04e-01,
656,2.38e+01,-5.60e-01,-1.04e-01,
657,2.39e+01,-1.12e+00,2.40e-02,
658,2.38e+01,-8.40e-01,8.00e-03,
659,2.40e+01,-3.20e-01,1.60e-01,
660,2.40e+01,-4.80e-01,1.28e-01,
661,2.38e+01,8.00e-02,2.40e-01,
662,2.39e+01,-8.00e-02,2.08e-01,
663,2.37e+01,5.20e-01,2.48e-01,
664,2.38e+01,2.80e-01,2.40e-01,
665,2.34e+01,8.00e-01,1.52e-01,
666,2.35e+01,9.20e-01,1.68e-01,
667,2.33e+01,3.60e-01,3.20e-02,
668,2.34e+01,8.80e-01,4.80e-02,
669,2.32e+01,3.60e-01,-8.80e-02,
670,2.32e+01,6.80e-01,-8.00e-02,
671,2.33e+01,4.00e-02,-1.92e-01,
672,2.32e+01,2.80e-01,-1.84e-01,
673,2.34e+01,-3.60e-01,-2.40e-01,
674,2.34e+01,-1.60e-01,-2.48e-01,
675,2.36e+01,-8.80e-01,-1.84e-01,
676,2.35e+01,-5.20e-01,-2.00e-01,
677,2.38e+01,-1.04e+00,-8.00e-02,
678,2.38e+01,-1.08e+00,-1.12e-01,
679,2.39e+01,-6.00e-01,4.00e-02,
680,2.38e+01,-1.08e+00,2.40e-02,
681,2.40e+01,-2.40e-01,1.60e-01,
682,2.40e+01,-4.80e-01,1.52e-01,
683,2.38e+01,8.00e-02,2.32e-01,
684,2.38e+01,-2.00e-01,2.08e-01,
685,2.36e+01,5.20e-01,2.56e-01,
686,2.37e+01,2.40e-01,2.32e-01,
687,2.34e+01,8.40e-01,1.36e-01,
688,2.34e+01,8.80e-01,1.52e-01,
689,2.33e+01,3.60e-01,1.60e-02,
690,2.34e+01,4.00e-01,4.00e-02,
691,2.32e+01,8.00e-01,-1.12e-01,
692,2.32e+01,6.80e-01,-9.60e-02,
693,2.34e+01,0.00e+00,-2.08e-01,
694,2.32e+01,2.40e-01,-1.84e-01,
695,2.34e+01,-4.00e-01,-2.72e-01,
696,2.34e+01,-1.60e-01,-2.40e-01,
697,2.36e+01,-8.80e-01,-1.76e-01,
698,2.35e+01,-5.20e-01,-1.92e-01,
699,2.38e+01,-1.00e+00,-7.20e-02,
700,2.38e+01,-8.40e-01,-9.60e-02,
701,2.39e+01,-6.00e-01,6.40e-02,
702,2.38e+01,-7.60e-01,4.00e-02,
703,2.40e+01,-2.40e-01,1.68e-01,
704,2.39e+01,-5.20e-01,1.52e-01,
705,2.38e+01,1.60e-01,2.40e-01,
706,2.38e+01,-1.20e-01,2.08e-01,
707,2.36e+01,5.60e-01,2.48e-01,
708,2.36e+01,4.80e-01,2.32e-01,
709,2.34e+01,8.00e-01,1.28e-01,
710,2.34e+01,3.60e-01,1.52e-01,
711,2.32e+01,9.20e-01,8.00e-03,
712,2.34e+01,7.60e-01,2.40e-02,
713,2.32e+01,4.40e-01,-1.20e-01,
714,2.32e+01,5.20e-01,-1.04e-01,
715,2.34e+01,4.00e-02,-2.16e-01,
716,2.32e+01,2.40e-01,-2.00e-01,
717,2.34e+01,-4.00e-01,-2.40e-01,
718,2.34e+01,-2.80e-01,-2.40e-01,
719,2.36e+01,-1.00e+00,-1.60e-01,
720,2.36e+01,-5.60e-01,-1.84e-01,
721,2.38e+01,-1.12e+00,-5.60e-02,
722,2.38e+01,-1.04e+00,-7.20e-02,
723,2.39e+01,-4.80e-01,7.20e-02,
724,2.38e+01,-9.20e-01,5.60e-02,
725,2.40e+01,-2.40e-01,1.84e-01,
726,2.39e+01,-4.80e-01,1.68e-01,
727,2.38e+01,1.60e-01,2.48e-01,
728,2.38e+01,-4.00e-02,2.48e-01,
729,2.36e+01,6.00e-01,2.08e-01,
730,2.36e+01,2.80e-01,2.64e-01,
731,2.34e+01,8.40e-01,1.20e-01,
732,2.34e+01,9.20e-01,1.36e-01,
733,2.32e+01,4.40e-01,0.00e+00,
734,2.34e+01,7.60e-01,1.60e-02,
735,2.32e+01,1.60e-01,-1.28e-01,
736,2.32e+01,4.80e-01,-1.12e-01,
737,2.34e+01,-2.00e-01,-2.16e-01,
738,2.33e+01,4.00e-02,-2.00e-01,
739,2.34e+01,-6.40e-01,-2.40e-01,
740,2.34e+01,-3.20e-01,-2.40e-01,
741,2.38e+01,-8.80e-01,-1.52e-01,
742,2.36e+01,-1.12e+00,-1.68e-01,
743,2.39e+01,-5.20e-01,-4.00e-02,
744,2.39e+01,-1.16e+00,-5.60e-02,
745,2.38e+01,-5.20e-01,8.80e-02,
746,2.40e+01,-8.80e-01,7.20e-02,
747,2.38e+01,-2.00e-01,1.92e-01,
748,2.39e+01,-4.40e-01,1.76e-01,
749,2.38e+01,2.00e-01,2.48e-01,
750,2.38e+01,0.00e+00,2.48e-01,
751,2.35e+01,6.00e-01,2.00e-01,
752,2.36e+01,3.20e-01,2.16e-01,
753,2.34e+01,8.40e-01,1.04e-01,
754,2.34e+01,4.40e-01,1.20e-01,
755,2.32e+01,8.80e-01,-2.40e-02,
756,2.32e+01,2.00e-01,0.00e+00,
757,2.33e+01,7.60e-01,-1.44e-01,
758,2.32e+01,4.40e-01,-1.28e-01,
759,2.34e+01,-2.40e-01,-2.24e-01,
760,2.33e+01,0.00e+00,-2.00e-01,
761,2.35e+01,-4.40e-01,-2.48e-01,
762,2.34e+01,-4.00e-01,-2.24e-01,
763,2.38e+01,-7.60e-01,-1.44e-01,
764,2.37e+01,-6.00e-01,-1.60e-01,
765,2.39e+01,-9.20e-01,-3.20e-02,
766,2.38e+01,-1.00e+00,-4.80e-02,
767,2.40e+01,-4.40e-01,9.60e-02,
768,2.40e+01,-8.40e-01,8.80e-02,
769,2.38e+01,-2.00e-01,2.00e-01,
770,2.39e+01,-2.40e-01,1.76e-01,
771,2.38e+01,2.40e-01,2.48e-01,
772,2.38e+01,4.00e-02,2.48e-01,
773,2.35e+01,6.00e-01,1.84e-01,
774,2.36e+01,3.20e-01,2.08e-01,
775,2.34e+01,8.40e-01,9.60e-02,
776,2.34e+01,9.20e-01,1.12e-01,
777,2.32e+01,6.00e-01,-4.00e-02,
778,2.32e+01,7.20e-01,-1.60e-02,
779,2.33e+01,8.00e-02,-1.60e-01,
780,2.32e+01,4.00e-01,-1.36e-01,
781,2.34e+01,-2.40e-01,-2.24e-01,
782,2.33e+01,-4.00e-02,-2.40e-01,
783,2.35e+01,-6.40e-01,-2.00e-01,
784,2.34e+01,-4.00e-01,-2.24e-01,
785,2.38e+01,-1.12e+00,-1.44e-01,
786,2.37e+01,-1.04e+00,-1.52e-01,
787,2.39e+01,-6.00e-01,-2.40e-02,
788,2.38e+01,-1.08e+00,-4.00e-02,
789,2.40e+01,-4.40e-01,1.12e-01,
790,2.40e+01,-7.20e-01,8.80e-02,
791,2.38e+01,-1.20e-01,2.08e-01,
792,2.39e+01,-4.00e-01,1.84e-01,
793,2.37e+01,2.80e-01,2.40e-01,
794,2.38e+01,2.00e-01,2.48e-01,
795,2.34e+01,6.40e-01,1.76e-01,
796,2.35e+01,3.60e-01,2.00e-01,
797,2.33e+01,8.40e-01,8.00e-02,
798,2.34e+01,9.20e-01,9.60e-02,
799,2.32e+01,3.60e-01,-5.60e-02,
800,2.32e+01,7.20e-01,-3.20e-02,
801,2.33e+01,8.00e-02,-1.68e-01,
802,2.32e+01,3.60e-01,-1.52e-01,
803,2.34e+01,-2.80e-01,-2.24e-01,
804,2.33e+01,-8.00e-02,-2.40e-01,
805,2.35e+01,-6.80e-01,-2.00e-01,
806,2.34e+01,-4.00e-01,-2.24e-01,
807,2.38e+01,-1.16e+00,-1.28e-01,
808,2.37e+01,-6.00e-01,-1.44e-01,
809,2.39e+01,-1.12e+00,0.00e+00,
810,2.38e+01,-1.00e+00,-2.40e-02,
811,2.40e+01,-4.40e-01,1.20e-01,
812,2.40e+01,-7.60e-01,1.04e-01,
813,2.38e+01,0.00e+00,2.16e-01,
814,2.39e+01,-1.60e-01,2.00e-01,
815,2.37e+01,3.60e-01,2.48e-01,
816,2.38e+01,2.00e-01,2.40e-01,
817,2.34e+01,6.80e-01,1.68e-01,
818,2.35e+01,3.20e-01,1.84e-01,
819,2.33e+01,8.40e-01,6.40e-02,
820,2.34e+01,4.00e-01,8.80e-02,
821,2.32e+01,9.20e-01,-6.40e-02,
822,2.32e+01,6.80e-01,-4.00e-02,
823,2.33e+01,2.80e-01,-1.68e-01,
824,2.32e+01,2.80e-01,-1.52e-01,
825,2.34e+01,-1.60e-01,-2.40e-01,
826,2.33e+01,-1.20e-01,-2.40e-01,
827,2.35e+01,-6.80e-01,-1.84e-01,
828,2.34e+01,-3.60e-01,-2.16e-01,
829,2.38e+01,-8.40e-01,-1.20e-01,
830,2.37e+01,-1.16e+00,-1.28e-01,
831,2.39e+01,-5.60e-01,1.60e-02,
832,2.38e+01,-9.20e-01,0.00e+00,
833,2.40e+01,-4.40e-01,1.44e-01,
834,2.40e+01,-6.00e-01,1.04e-01,
835,2.38e+01,4.00e-02,2.24e-01,
836,2.39e+01,-8.00e-02,2.00e-01,
837,2.37e+01,4.00e-01,2.48e-01,
838,2.38e+01,3.60e-01,2.40e-01,
839,2.34e+01,8.00e-01,1.60e-01,
840,2.35e+01,3.60e-01,1.92e-01,
841,2.33e+01,8.40e-01,5.60e-02,
842,2.34e+01,3.60e-01,7.20e-02,
843,2.32e+01,8.80e-01,-7.20e-02,
844,2.32e+01,6.80e-01,-5.60e-02,
845,2.33e+01,8.00e-02,-1.84e-01,
846,2.32e+01,2.80e-01,-1.60e-01,
847,2.34e+01,-3.60e-01,-2.24e-01,
848,2.33e+01,-8.00e-02,-2.40e-01,
849,2.36e+01,-8.00e-01,-1.84e-01,
850,2.34e+01,-4.80e-01,-2.08e-01,
851,2.38e+01,-1.04e+00,-9.60e-02,
852,2.37e+01,-1.16e+00,-1.12e-01,
853,2.39e+01,-5.60e-01,2.40e-02,
854,2.38e+01,-9.20e-01,8.00e-03,
855,2.40e+01,-2.80e-01,1.44e-01,
856,2.40e+01,-5.20e-01,1.28e-01,
857,2.38e+01,4.00e-02,2.24e-01,
858,2.39e+01,-1.20e-01,2.00e-01,
859,2.37e+01,4.80e-01,2.56e-01,
860,2.38e+01,2.40e-01,2.40e-01,
861,2.34e+01,8.00e-01,1.52e-01,
862,2.35e+01,4.40e-01,1.76e-01,
863,2.33e+01,8.40e-01,4.80e-02,
864,2.34e+01,9.20e-01,6.40e-02,
865,2.32e+01,4.00e-01,-8.80e-02,
866,2.32e+01,6.40e-01,-8.00e-02,
867,2.33e+01,8.00e-02,-1.92e-01,
868,2.32e+01,2.80e-01,-1.68e-01,
869,2.34e+01,-3.60e-01,-2.40e-01,
870,2.34e+01,-1.60e-01,-2.40e-01,
871,2.36e+01,-8.00e-01,-1.92e-01,
872,2.35e+01,-5.60e-01,-2.08e-01,
873,2.38e+01,-1.12e+00,-8.80e-02,
874,2.38e+01,-1.16e+00,-1.12e-01,
875,2.39e+01,-5.20e-01,4.00e-02,
876,2.38e+01,-9.20e-01,2.40e-02,
877,2.40e+01,-2.80e-01,1.52e-01,
878,2.40e+01,-6.40e-01,1.36e-01,
879,2.38e+01,8.00e-02,2.24e-01,
880,2.39e+01,-1.60e-01,2.00e-01,
881,2.37e+01,4.80e-01,2.48e-01,
882,2.38e+01,4.00e-01,2.32e-01,
883,2.34e+01,8.40e-01,1.36e-01,
884,2.34e+01,6.40e-01,1.60e-01,
885,2.33e+01,9.20e-01,2.40e-02,
886,2.34e+01,8.00e-01,4.00e-02,
887,2.32e+01,5.20e-01,-1.04e-01,
888,2.32e+01,6.40e-01,-8.80e-02,
889,2.34e+01,0.00e+00,-2.08e-01,
890,2.32e+01,2.00e-01,-1.84e-01,
891,2.34e+01,-3.20e-01,-2.48e-01,
892,2.34e+01,-1.20e-01,-2.40e-01,
893,2.36e+01,-8.40e-01,-1.84e-01,
894,2.35e+01,-6.00e-01,-2.08e-01,
895,2.38e+01,-1.08e+00,-8.00e-02,
896,2.38e+01,-8.40e-01,-9.60e-02,
897,2.39e+01,-5.60e-01,4.00e-02,
898,2.38e+01,-1.08e+00,2.40e-02,
899,2.40e+01,-2.40e-01,1.60e-01,
900,2.40e+01,-4.80e-01,1.44e-01,
901,2.38e+01,1.20e-01,2.32e-01,
902,2.38e+01,-1.20e-01,2.40e-01,
903,2.36e+01,5.60e-01,1.84e-01,
904,2.37e+01,1.60e-01,2.24e-01,
905,2.34e+01,8.00e-01,1.20e-01,
906,2.34e+01,9.20e-01,1.44e-01,
907,2.32e+01,4.00e-01,8.00e-03,
908,2.33e+01,8.00e-01,2.40e-02,
909,2.32e+01,1.60e-01,-1.20e-01,
910,2.32e+01,5.20e-01,-1.04e-01,
911,2.34e+01,4.00e-02,-2.16e-01,
912,2.32e+01,2.40e-01,-2.00e-01,
913,2.34e+01,-4.40e-01,-2.48e-01,
914,2.34e+01,-2.80e-01,-2.48e-01,
915,2.36e+01,-8.80e-01,-1.76e-01,
916,2.35e+01,-1.12e+00,-1.92e-01,
917,2.38e+01,-5.60e-01,-8.00e-02,
918,2.38e+01,-1.12e+00,-8.80e-02,
919,2.39e+01,-4.80e-01,4.80e-02,
920,2.38e+01,-8.40e-01,4.00e-02,
921,2.40e+01,-2.80e-01,1.76e-01,
922,2.39e+01,-5.20e-01,1.52e-01,
923,2.38e+01,1.60e-01,2.40e-01,
924,2.38e+01,-2.00e-01,2.40e-01,
925,2.35e+01,5.20e-01,2.00e-01,
926,2.36e+01,2.00e-01,2.24e-01,
927,2.34e+01,8.00e-01,1.20e-01,
928,2.34e+01,8.80e-01,1.44e-01,
929,2.32e+01,3.60e-01,0.00e+00,
930,2.33e+01,7.60e-01,2.40e-02,
931,2.32e+01,2.40e-01,-1.20e-01,
932,2.32e+01,4.80e-01,-1.04e-01,
933,2.34e+01,-1.60e-01,-2.16e-01,
934,2.33e+01,1.20e-01,-1.84e-01,
935,2.34e+01,-6.00e-01,-2.40e-01,
936,2.34e+01,-3.20e-01,-2.40e-01,
937,2.36e+01,-8.80e-01,-1.52e-01,
938,2.35e+01,-5.60e-01,-1.92e-01,
939,2.38e+01,-1.20e+00,-4.00e-02,
940,2.38e+01,-1.04e+00,-6.40e-02,
941,2.39e+01,-5.20e-01,8.00e-02,
942,2.38e+01,-6.80e-01,7.20e-02,
943,2.40e+01,-2.40e-01,1.92e-01,
944,2.39e+01,-3.60e-01,1.76e-01,
945,2.38e+01,2.00e-01,2.48e-01,
946,2.38e+01,1.20e-01,2.56e-01,
947,2.35e+01,6.00e-01,2.00e-01,
948,2.36e+01,2.40e-01,2.24e-01,
949,2.34e+01,8.40e-01,1.20e-01,
950,2.34e+01,9.20e-01,1.36e-01,
951,2.32e+01,4.40e-01,0.00e+00,
952,2.32e+01,7.60e-01,1.60e-02,
953,2.33e+01,1.20e-01,-1.20e-01,
954,2.32e+01,4.40e-01,-1.20e-01,
955,2.34e+01,-1.60e-01,-2.16e-01,
956,2.33e+01,4.00e-02,-1.84e-01,
957,2.35e+01,-5.60e-01,-2.32e-01,
958,2.34e+01,-3.60e-01,-2.24e-01,
959,2.37e+01,-8.80e-01,-1.44e-01,
960,2.37e+01,-5.60e-01,-1.68e-01,
961,2.38e+01,-1.12e+00,-3.20e-02,
962,2.38e+01,-1.12e+00,-4.80e-02,
963,2.39e+01,-5.20e-01,9.60e-02,
964,2.38e+01,-8.00e-01,8.00e-02,
965,2.40e+01,-2.00e-01,2.00e-01,
966,2.39e+01,-4.40e-01,1.92e-01,
967,2.38e+01,2.40e-01,2.48e-01,
968,2.38e+01,-8.00e-02,2.48e-01,
969,2.35e+01,6.00e-01,2.00e-01,
970,2.36e+01,3.20e-01,2.16e-01,
971,2.33e+01,8.40e-01,1.04e-01,
972,2.34e+01,9.20e-01,1.20e-01,
973,2.32e+01,4.40e-01,-2.40e-02,
974,2.32e+01,7.60e-01,-8.00e-03,
975,2.33e+01,2.00e-01,-1.44e-01,
976,2.32e+01,4.00e-01,-1.28e-01,
977,2.34e+01,-2.40e-01,-2.24e-01,
978,2.33e+01,0.00e+00,-2.00e-01,
979,2.35e+01,-7.60e-01,-2.40e-01,
980,2.34e+01,-3.60e-01,-2.24e-01,
981,2.38e+01,-9.60e-01,-1.44e-01,
982,2.37e+01,-6.40e-01,-1.68e-01,
983,2.39e+01,-1.20e+00,-2.40e-02,
984,2.38e+01,-1.12e+00,-4.80e-02,
985,2.40e+01,-4.40e-01,9.60e-02,
986,2.40e+01,-7.20e-01,8.00e-02,
987,2.38e+01,-1.60e-01,2.00e-01,
988,2.39e+01,-4.40e-01,1.76e-01,
989,2.37e+01,3.20e-01,2.40e-01,
990,2.38e+01,-4.00e-02,2.40e-01,
991,2.34e+01,6.40e-01,1.76e-01,
992,2.35e+01,3.20e-01,1.92e-01,
993,2.33e+01,8.80e-01,8.00e-02,
994,2.34e+01,9.20e-01,9.60e-02,
995,2.32e+01,4.00e-01,-4.80e-02,
996,2.32e+01,7.20e-01,-3.20e-02,
997,2.33e+01,1.60e-01,-1.76e-01,
998,2.32e+01,4.00e-01,-1.60e-01,
999,2.34e+01,-3.20e-01,-2.48e-01,
1000,2.33e+01,-4.00e-02,-2.48e-01,
1001,2.35e+01,-6.00e-01,-2.16e-01,
1002,2.34e+01,-3.60e-01,-2.40e-01,
1003,2.38e+01,-8.00e-01,-1.52e-01,
1004,2.37e+01,-5.60e-01,-1.68e-01,
1005,2.39e+01,-1.00e+00,-1.60e-02,
1006,2.38e+01,-8.00e-01,-4.80e-02,
1007,2.40e+01,-4.40e-01,1.12e-01,
1008,2.38e+01,-6.00e-01,8.00e-02,
1009,2.40e+01,-1.20e-01,2.00e-01,
1010,2.39e+01,-1.60e-01,1.76e-01,
1011,2.37e+01,3.60e-01,2.32e-01,
1012,2.38e+01,2.80e-01,2.24e-01,
1013,2.34e+01,6.80e-01,1.60e-01,
1014,2.35e+01,4.40e-01,1.76e-01,
1015,2.33e+01,8.40e-01,6.40e-02,
1016,2.34e+01,4.00e-01,8.80e-02,
1017,2.32e+01,9.20e-01,-7.20e-02,
1018,2.32e+01,6.80e-01,-4.80e-02,
1019,2.33e+01,8.00e-02,-1.92e-01,
1020,2.32e+01,3.60e-01,-1.68e-01,
1021,2.34e+01,-2.40e-01,-2.48e-01,
1022,2.33e+01,-8.00e-02,-2.48e-01,
1023,2.35e+01,-6.40e-01,-2.24e-01,
1024,2.34e+01,-3.60e-01,-2.40e-01,
1025,2.38e+01,-9.60e-01,-1.36e-01,
1026,2.37e+01,-5.60e-01,-1.52e-01,
1027,2.39e+01,-1.04e+00,-8.00e-03,
1028,2.38e+01,-9.60e-01,-2.40e-02,
1029,2.40e+01,-4.40e-01,1.36e-01,
1030,2.38e+01,-7.20e-01,9.60e-02,
1031,2.40e+01,0.00e+00,2.08e-01,
1032,2.39e+01,-1.20e-01,1.84e-01,
1033,2.37e+01,4.00e-01,2.40e-01,
1034,2.38e+01,1.60e-01,2.40e-01,
1035,2.34e+01,8.00e-01,1.68e-01,
1036,2.35e+01,4.40e-01,1.84e-01,
1037,2.33e+01,8.80e-01,6.40e-02,
1038,2.34e+01,9.20e-01,7.20e-02,
1039,2.32e+01,3.20e-01,-7.20e-02,
1040,2.32e+01,7.20e-01,-5.60e-02,
1041,2.33e+01,8.00e-02,-1.76e-01,
1042,2.32e+01,2.80e-01,-1.60e-01,
1043,2.34e+01,-3.20e-01,-2.40e-01,
1044,2.33e+01,-1.20e-01,-2.40e-01,
1045,2.35e+01,-6.80e-01,-2.00e-01,
1046,2.34e+01,-4.00e-01,-2.16e-01,
1047,2.38e+01,-9.60e-01,-1.04e-01,
1048,2.37e+01,-1.08e+00,-1.20e-01,
1049,2.39e+01,-5.60e-01,2.40e-02,
1050,2.38e+01,-1.00e+00,8.00e-03,
1051,2.40e+01,-3.20e-01,1.44e-01,
1052,2.40e+01,-5.60e-01,1.28e-01,
1053,2.38e+01,4.00e-02,2.40e-01,
1054,2.39e+01,-1.60e-01,2.08e-01,
1055,2.37e+01,4.40e-01,2.48e-01,
1056,2.38e+01,2.40e-01,2.48e-01,
1057,2.34e+01,8.00e-01,1.68e-01,
1058,2.35e+01,4.00e-01,1.92e-01,
1059,2.33e+01,8.80e-01,4.80e-02,
1060,2.34e+01,9.20e-01,7.20e-02,
1061,2.32e+01,3.20e-01,-7.20e-02,
1062,2.32e+01,6.40e-01,-5.60e-02,
1063,2.33e+01,1.60e-01,-1.84e-01,
1064,2.32e+01,2.80e-01,-1.60e-01,
1065,2.34e+01,-2.80e-01,-2.40e-01,
1066,2.34e+01,-8.00e-02,-2.40e-01,
1067,2.36e+01,-8.00e-01,-1.76e-01,
1068,2.35e+01,-4.80e-01,-1.92e-01,
1069,2.38e+01,-1.16e+00,-8.80e-02,
1070,2.37e+01,-5.60e-01,-1.12e-01,
1071,2.39e+01,-9.20e-01,4.00e-02,
1072,2.38e+01,-1.12e+00,2.40e-02,
1073,2.40e+01,-2.80e-01,1.68e-01,
1074,2.40e+01,-6.00e-01,1.52e-01,
1075,2.38e+01,0.00e+00,2.40e-01,
1076,2.39e+01,-4.00e-02,2.08e-01,
1077,2.36e+01,4.80e-01,2.72e-01,
1078,2.37e+01,2.40e-01,2.40e-01,
1079,2.34e+01,8.00e-01,1.52e-01,
1080,2.35e+01,3.60e-01,1.76e-01,
1081,2.33e+01,8.80e-01,2.40e-02,
1082,2.34e+01,3.60e-01,4.80e-02,
1083,2.32e+01,8.00e-01,-9.60e-02,
1084,2.32e+01,6.80e-01,-7.20e-02,
1085,2.33e+01,8.00e-02,-1.92e-01,
1086,2.32e+01,2.80e-01,-1.84e-01,
1087,2.34e+01,-3.60e-01,-2.40e-01,
1088,2.34e+01,-1.20e-01,-2.40e-01,
1089,2.36e+01,-8.40e-01,-1.84e-01,
1090,2.35e+01,-5.20e-01,-2.16e-01,
1091,2.38e+01,-1.00e+00,-8.80e-02,
1092,2.38e+01,-1.00e+00,-9.60e-02,
1093,2.39e+01,-5.20e-01,4.00e-02,
1094,2.38e+01,-9.20e-01,2.40e-02,
1095,2.40e+01,-2.40e-01,1.60e-01,
1096,2.40e+01,-6.00e-01,1.44e-01,
1097,2.38e+01,1.20e-01,2.24e-01,
1098,2.38e+01,-8.00e-02,2.00e-01,
1099,2.37e+01,5.20e-01,2.40e-01,
1100,2.38e+01,2.80e-01,2.32e-01,
1101,2.34e+01,8.40e-01,1.28e-01,
1102,2.34e+01,9.20e-01,1.44e-01,
1103,2.33e+01,4.00e-01,8.00e-03,
1104,2.34e+01,3.20e-01,2.40e-02,
1105,2.32e+01,8.00e-01,-1.12e-01,
1106,2.32e+01,6.80e-01,-1.04e-01,
1107,2.34e+01,4.00e-02,-2.16e-01,
1108,2.33e+01,2.00e-01,-2.00e-01,
1109,2.34e+01,-4.00e-01,-2.64e-01,
1110,2.34e+01,-1.60e-01,-2.48e-01,
1111,2.36e+01,-8.80e-01,-1.84e-01,
1112,2.35e+01,-5.60e-01,-2.08e-01,
1113,2.38e+01,-1.04e+00,-8.80e-02,
1114,2.38e+01,-1.04e+00,-1.04e-01,
1115,2.39e+01,-5.60e-01,4.80e-02,
1116,2.38e+01,-9.60e-01,3.20e-02,
1117,2.40e+01,-2.40e-01,1.60e-01,
1118,2.40e+01,-4.40e-01,1.36e-01,
1119,2.38e+01,1.20e-01,2.16e-01,
1120,2.38e+01,-8.00e-02,2.32e-01,
1121,2.35e+01,5.20e-01,1.84e-01,
1122,2.38e+01,2.80e-01,2.16e-01,
1123,2.34e+01,8.80e-01,1.12e-01,
1124,2.34e+01,9.20e-01,1.36e-01,
1125,2.33e+01,6.40e-01,-8.00e-03,
1126,2.34e+01,7.60e-01,0.00e+00,
1127,2.32e+01,3.20e-01,-1.36e-01,
1128,2.32e+01,4.80e-01,-1.20e-01,
1129,2.34e+01,4.00e-02,-2.24e-01,
1130,2.33e+01,2.00e-01,-2.08e-01,
1131,2.34e+01,-5.20e-01,-2.56e-01,
1132,2.34e+01,-2.80e-01,-2.48e-01,
1133,2.37e+01,-8.40e-01,-1.76e-01,
1134,2.35e+01,-5.60e-01,-2.00e-01,
1135,2.38e+01,-8.40e-01,-7.20e-02,
1136,2.38e+01,-8.00e-01,-8.80e-02,
1137,2.39e+01,-5.20e-01,4.80e-02,
1138,2.38e+01,-8.80e-01,4.80e-02,
1139,2.40e+01,-2.00e-01,1.68e-01,
1140,2.39e+01,-4.80e-01,1.52e-01,
1141,2.38e+01,1.60e-01,2.32e-01,
1142,2.38e+01,-4.00e-02,2.40e-01,
1143,2.35e+01,5.60e-01,1.84e-01,
1144,2.36e+01,2.80e-01,2.16e-01,
1145,2.34e+01,8.80e-01,1.04e-01,
1146,2.34e+01,9.20e-01,1.44e-01,
1147,2.32e+01,4.40e-01,0.00e+00,
1148,2.32e+01,7.60e-01,0.00e+00,
1149,2.33e+01,1.60e-01,-1.36e-01,
1150,2.32e+01,4.80e-01,-1.12e-01,
1151,2.33e+01,-2.00e-01,-2.16e-01,
1152,2.33e+01,4.00e-02,-2.00e-01,
1153,2.34e+01,-4.40e-01,-2.40e-01,
1154,2.34e+01,-3.60e-01,-2.40e-01,
1155,2.37e+01,-8.00e-01,-1.52e-01,
1156,2.35e+01,-6.00e-01,-1.68e-01,
1157,2.38e+01,-1.16e+00,-4.00e-02,
1158,2.38e+01,-1.16e+00,-5.60e-02,
1159,2.39e+01,-4.80e-01,9.60e-02,
1160,2.38e+01,-7.60e-01,7.20e-02,
1161,2.39e+01,-2.00e-01,1.92e-01,
1162,2.39e+01,-4.40e-01,1.76e-01,
1163,2.38e+01,2.00e-01,2.56e-01,
1164,2.38e+01,-8.00e-02,2.64e-01,
1165,2.35e+01,6.00e-01,2.00e-01,
1166,2.36e+01,2.80e-01,2.16e-01,
1167,2.34e+01,8.80e-01,1.12e-01,
1168,2.34e+01,9.20e-01,1.28e-01,
1169,2.32e+01,3.60e-01,-8.00e-03,
1170,2.32e+01,7.60e-01,8.00e-03,
1171,2.33e+01,2.00e-01,-1.28e-01,
1172,2.32e+01,4.40e-01,-1.04e-01,
1173,2.34e+01,-2.40e-01,-2.08e-01,
1174,2.33e+01,0.00e+00,-1.84e-01,
1175,2.35e+01,-6.80e-01,-2.24e-01,
1176,2.34e+01,-3.20e-01,-2.24e-01,
1177,2.38e+01,-8.80e-01,-1.44e-01,
1178,2.37e+01,-5.60e-01,-1.52e-01,
1179,2.39e+01,-1.04e+00,-2.40e-02,
1180,2.38e+01,-1.00e+00,-4.00e-02,
1181,2.40e+01,-4.40e-01,1.12e-01,
1182,2.38e+01,-6.00e-01,9.60e-02,
1183,2.40e+01,-2.00e-01,2.08e-01,
1184,2.39e+01,-4.00e-01,1.92e-01,
1185,2.38e+01,2.40e-01,2.56e-01,
1186,2.38e+01,2.00e-01,2.56e-01,
1187,2.34e+01,6.40e-01,2.00e-01,
1188,2.36e+01,2.80e-01,2.16e-01,
1189,2.33e+01,8.80e-01,9.60e-02,
1190,2.34e+01,9.20e-01,1.12e-01,
1191,2.32e+01,6.40e-01,-4.00e-02,
1192,2.32e+01,7.20e-01,-2.40e-02,
1193,2.33e+01,1.20e-01,-1.60e-01,
1194,2.32e+01,4.00e-01,-1.28e-01,
1195,2.34e+01,-1.20e-01,-2.24e-01,
1196,2.33e+01,0.00e+00,-2.00e-01,
1197,2.35e+01,-5.20e-01,-2.40e-01,
1198,2.34e+01,-3.60e-01,-2.24e-01,
1199,2.38e+01,-9.60e-01,-1.36e-01,
